Type,Entry Price,Exit Price,Profit Factor,Capital,Open Position Date,Close Position Date
Long,102.7437462319,107.1685833862,1.0430667297677936,10430.667297677935,2013-01-07 00:00:00+00:00,2013-01-18 00:00:00+00:00
Short,107.1685833862,108.0924504844,0.991452991452596,9914.52991452596,2013-01-18 00:00:00+00:00,2013-01-30 00:00:00+00:00
Short,113.7329022416,111.81866985,1.0171190767531741,10084.25751310437,2013-02-13 00:00:00+00:00,2013-02-25 00:00:00+00:00
Long,111.81866985,115.6423683368,1.0341955282774273,10787.349476208117,2013-02-25 00:00:00+00:00,2013-03-05 00:00:00+00:00
Short,115.6423683368,114.7599763783,1.0076890217857073,10161.795588815312,2013-03-05 00:00:00+00:00,2013-03-12 00:00:00+00:00
Long,114.7599763783,115.5933465613,1.0072618539084814,10865.685632164075,2013-03-12 00:00:00+00:00,2013-04-10 00:00:00+00:00
Short,115.5933465613,111.81866985,1.0337571240684902,10504.828583265587,2013-04-10 00:00:00+00:00,2013-04-15 00:00:00+00:00
Long,111.81866985,110.6421472387,0.9894782989917672,10751.360136692994,2013-04-15 00:00:00+00:00,2013-05-03 00:00:00+00:00
Short,110.6421472387,115.348237684,0.9592010199740332,10076.24229172073,2013-05-03 00:00:00+00:00,2013-05-24 00:00:00+00:00
Long,114.3187803991,119.2699797217,1.0433104631217616,11217.006523402013,2013-05-31 00:00:00+00:00,2013-06-18 00:00:00+00:00
Short,119.2699797217,114.9070417047,1.037969283276932,10458.829989662077,2013-06-18 00:00:00+00:00,2013-06-20 00:00:00+00:00
Long,114.9070417047,116.7356698953,1.0159139784948898,11395.513723992472,2013-06-20 00:00:00+00:00,2013-07-09 00:00:00+00:00
Short,116.7356698953,116.7850922788,0.9995768091411702,10454.403908416398,2013-07-09 00:00:00+00:00,2013-07-15 00:00:00+00:00
Long,115.7966446082,122.1721320835,1.0550576184385272,12022.92357051905,2013-07-16 00:00:00+00:00,2013-07-19 00:00:00+00:00
Short,122.8640454529,121.0354172623,1.0151082074318554,10612.351211241152,2013-07-22 00:00:00+00:00,2013-07-29 00:00:00+00:00
Long,121.0354172623,115.5989550741,0.9550837076356051,11482.89842035084,2013-07-29 00:00:00+00:00,2013-09-09 00:00:00+00:00
Short,115.5989550741,119.5848925317,0.9666685534166166,10258.626193719563,2013-09-09 00:00:00+00:00,2013-09-20 00:00:00+00:00
Long,119.5848925317,122.9219136894,1.0279050395668952,11803.32915511337,2013-09-20 00:00:00+00:00,2013-10-17 00:00:00+00:00
Short,122.9219136894,134.6263908842,0.9130595634486874,9366.736754020854,2013-10-17 00:00:00+00:00,2013-11-19 00:00:00+00:00
Long,134.2777468827,135.4232914592,1.008531157269869,11904.025212443672,2013-11-20 00:00:00+00:00,2013-12-09 00:00:00+00:00
Short,135.4232914592,132.3851080171,1.0229495861551705,9581.699486150059,2013-12-09 00:00:00+00:00,2013-12-11 00:00:00+00:00
Long,132.3851080171,136.5190297498,1.0312264860800358,12275.746090036439,2013-12-11 00:00:00+00:00,2013-12-18 00:00:00+00:00
Short,136.5190297498,138.070243973,0.9887650359805018,9474.049437177518,2013-12-18 00:00:00+00:00,2014-01-02 00:00:00+00:00
Long,138.070243973,129.2337483587,0.9359999999997972,11490.098340271617,2014-01-02 00:00:00+00:00,2014-02-14 00:00:00+00:00
Short,129.2337483587,127.5266980696,1.013385826771492,9600.867421768127,2014-02-14 00:00:00+00:00,2014-02-19 00:00:00+00:00
Long,127.2254539009,129.1500427736,1.015127388534995,11663.913522170207,2014-02-20 00:00:00+00:00,2014-02-27 00:00:00+00:00
Short,129.1500427736,127.2254539009,1.015127388534995,9746.10347353019,2014-02-27 00:00:00+00:00,2014-03-03 00:00:00+00:00
Long,127.2254539009,132.7966322166,1.0437898089170077,12174.674066530542,2014-03-03 00:00:00+00:00,2014-03-06 00:00:00+00:00
Short,132.7966322166,131.1759257975,1.012355212355062,9866.518651580063,2014-03-06 00:00:00+00:00,2014-03-11 00:00:00+00:00
Long,130.4668667392,131.0746316463,1.0046583850926298,12231.388386709696,2014-03-12 00:00:00+00:00,2014-03-28 00:00:00+00:00
Short,131.0746316463,130.9226904195,1.001160541586131,9877.96915678556,2014-03-28 00:00:00+00:00,2014-04-07 00:00:00+00:00
Long,130.9226904195,134.518632787,1.0274661508710061,12567.337545500935,2014-04-07 00:00:00+00:00,2014-04-17 00:00:00+00:00
Short,134.518632787,135.1263976941,0.9955022488760792,9833.540509908573,2014-04-17 00:00:00+00:00,2014-05-02 00:00:00+00:00
Long,134.6199269382,136.3419275085,1.01279157261087,12728.093556239524,2014-05-05 00:00:00+00:00,2014-05-13 00:00:00+00:00
Short,136.3419275085,134.7212210893,1.0120300751885682,9951.838741612604,2014-05-13 00:00:00+00:00,2014-05-15 00:00:00+00:00
Long,134.7212210893,135.4302801477,1.0052631578949984,12795.083522328325,2014-05-15 00:00:00+00:00,2014-05-29 00:00:00+00:00
Short,135.4302801477,134.4679857114,1.0071563088508317,10023.057173281257,2014-05-29 00:00:00+00:00,2014-06-04 00:00:00+00:00
Long,134.4679857114,137.658751474,1.0237288135589995,13098.69567370148,2014-06-04 00:00:00+00:00,2014-06-06 00:00:00+00:00
Short,137.658751474,137.5068102472,1.0011049723757453,10034.132374578248,2014-06-06 00:00:00+00:00,2014-06-11 00:00:00+00:00
Long,136.5445158109,137.1493844501,1.0044298274127514,13156.720634868132,2014-06-12 00:00:00+00:00,2014-07-03 00:00:00+00:00
Short,137.1493844501,134.64740387,1.018581721653658,10220.583829398618,2014-07-03 00:00:00+00:00,2014-07-08 00:00:00+00:00
Long,134.64740387,137.9663577007,1.0246492226014576,13481.023570502188,2014-07-08 00:00:00+00:00,2014-07-16 00:00:00+00:00
Short,137.9663577007,135.8728637459,1.0154077414509723,10378.059942519982,2014-07-16 00:00:00+00:00,2014-07-17 00:00:00+00:00
Long,135.1069513235,131.6858758364,0.9746787603925087,13139.667342519264,2014-07-18 00:00:00+00:00,2014-08-11 00:00:00+00:00
Short,131.6858758364,130.919963414,1.0058502340088349,10438.77402174144,2014-08-11 00:00:00+00:00,2014-08-15 00:00:00+00:00
Short,134.5963430418,133.5240656504,1.0080305927338036,10522.603564550254,2014-08-20 00:00:00+00:00,2014-08-22 00:00:00+00:00
Long,132.8092140561,134.1367955883,1.0099961553242776,13271.013498184424,2014-08-26 00:00:00+00:00,2014-09-17 00:00:00+00:00
Short,134.1367955883,134.2844063838,0.9989007599655458,10511.03669744541,2014-09-17 00:00:00+00:00,2014-09-22 00:00:00+00:00
Long,133.5120650895,128.8780173231,0.9652911685300235,12810.392127240157,2014-09-24 00:00:00+00:00,2014-10-20 00:00:00+00:00
Short,128.8780173231,138.3005811147,0.931868950111024,9794.9087318269,2014-10-20 00:00:00+00:00,2014-11-25 00:00:00+00:00
Long,136.3954725885,133.122760838,0.9760057156708298,12503.015936170994,2014-11-28 00:00:00+00:00,2014-12-19 00:00:00+00:00
Short,133.122760838,132.8629584164,1.0019554165035658,9814.061858012034,2014-12-19 00:00:00+00:00,2014-12-30 00:00:00+00:00
Long,132.8629584164,126.1600559386,0.9495502542040895,11872.241960508949,2014-12-30 00:00:00+00:00,2015-01-22 00:00:00+00:00
Short,126.1600559386,123.8737946283,1.0184563758392986,9995.19387217363,2015-01-22 00:00:00+00:00,2015-01-28 00:00:00+00:00
Long,123.8737946283,128.7061196704,1.0390100671138722,12335.378916180533,2015-01-28 00:00:00+00:00,2015-02-11 00:00:00+00:00
Short,128.7061196704,134.5567538604,0.956519208273485,9560.59492915151,2015-02-11 00:00:00+00:00,2015-03-04 00:00:00+00:00
Long,134.5567538604,134.9238221679,1.002727981293907,12369.029599117128,2015-03-04 00:00:00+00:00,2015-04-09 00:00:00+00:00
Short,134.9238221679,141.6883666916,0.9522575869730804,9104.149057260885,2015-04-09 00:00:00+00:00,2015-04-20 00:00:00+00:00
Long,141.6883666916,143.2090782512,1.0107327905254917,12501.783802808059,2015-04-20 00:00:00+00:00,2015-05-01 00:00:00+00:00
Short,143.2090782512,141.1639833952,1.014487369984981,9236.04423305184,2015-05-01 00:00:00+00:00,2015-05-05 00:00:00+00:00
Long,141.1639833952,144.9395431294,1.0267459138187536,12836.155434978653,2015-05-05 00:00:00+00:00,2015-05-20 00:00:00+00:00
Short,144.9395431294,144.3102831737,1.004360465116284,9276.31768174252,2015-05-20 00:00:00+00:00,2015-05-26 00:00:00+00:00
Long,142.9993249327,144.8871047998,1.0132013201320247,13005.609632140235,2015-05-29 00:00:00+00:00,2015-06-10 00:00:00+00:00
Short,144.8871047998,143.6285848884,1.0087623220153417,9357.599764386554,2015-06-10 00:00:00+00:00,2015-06-12 00:00:00+00:00
Long,142.6846949548,145.6816115926,1.0210037708581805,13278.776476724654,2015-06-15 00:00:00+00:00,2015-06-23 00:00:00+00:00
Short,145.6816115926,144.1481209442,1.010638297872739,9457.14869805397,2015-06-23 00:00:00+00:00,2015-06-24 00:00:00+00:00
Long,142.984783211,142.984783211,1.0,13278.776476724654,2015-06-25 00:00:00+00:00,2015-07-16 00:00:00+00:00
Short,142.984783211,141.9800824414,1.0070763500930822,9524.070793123736,2015-07-16 00:00:00+00:00,2015-07-21 00:00:00+00:00
Long,140.8167447082,137.115215557,0.9737138565525691,12929.728653451099,2015-07-22 00:00:00+00:00,2015-09-16 00:00:00+00:00
Short,137.115215557,132.3297193033,1.036163427829327,9868.493839892268,2015-09-16 00:00:00+00:00,2015-09-18 00:00:00+00:00
Long,132.3297193033,143.1081883756,1.0814516129033398,13982.875906677218,2015-09-18 00:00:00+00:00,2015-10-05 00:00:00+00:00
Short,148.177270365,147.2701714827,1.0061594202897126,9929.278041078604,2015-10-07 00:00:00+00:00,2015-10-14 00:00:00+00:00
Long,147.2701714827,154.6336800569,1.0500000000004415,14682.019702017253,2015-10-14 00:00:00+00:00,2015-10-16 00:00:00+00:00
Short,154.6336800569,156.5545953371,0.9877300613497559,9807.446408673353,2015-10-16 00:00:00+00:00,2015-10-29 00:00:00+00:00
Long,154.3135275102,159.6494032885,1.0345781466109463,15189.696731818407,2015-10-30 00:00:00+00:00,2015-11-06 00:00:00+00:00
Short,159.6494032885,161.5169598109,0.9884373967626279,9694.046797078074,2015-11-06 00:00:00+00:00,2015-11-19 00:00:00+00:00
Long,161.997188631,165.3054316136,1.0204216073782342,15499.89475467005,2015-11-25 00:00:00+00:00,2015-12-16 00:00:00+00:00
Short,165.3054316136,162.7867235858,1.0154724413165825,9844.03736726607,2015-12-16 00:00:00+00:00,2015-12-18 00:00:00+00:00
Short,166.3886755277,165.0984240858,1.0078150439596534,9920.968952031724,2015-12-23 00:00:00+00:00,2016-01-04 00:00:00+00:00
Long,165.0984240858,156.4429873298,0.9475740801044724,14687.298513872609,2016-01-04 00:00:00+00:00,2016-01-29 00:00:00+00:00
Short,156.4429873298,151.8195863297,1.0304532577902008,10223.094777056525,2016-01-29 00:00:00+00:00,2016-02-02 00:00:00+00:00
Long,151.8195863297,163.5257967974,1.0771060622064805,15819.77826672842,2016-02-02 00:00:00+00:00,2016-03-02 00:00:00+00:00
Short,163.5257967974,162.875594822,1.0039920159684486,10263.905534653499,2016-03-02 00:00:00+00:00,2016-03-08 00:00:00+00:00
Long,162.2253928467,167.7521096371,1.034068136272739,16358.728628523839,2016-03-10 00:00:00+00:00,2016-03-17 00:00:00+00:00
Short,167.7521096371,169.2150640816,0.9913544668588459,10175.168599195977,2016-03-17 00:00:00+00:00,2016-04-04 00:00:00+00:00
Long,169.2150640816,168.781596098,0.9974383605505065,16316.823463925453,2016-04-04 00:00:00+00:00,2016-04-19 00:00:00+00:00
Short,168.781596098,167.860476633,1.0054874112326864,10231.003933661683,2016-04-19 00:00:00+00:00,2016-04-21 00:00:00+00:00
Long,167.860476633,163.7967142871,0.975790832795115,15921.806756434691,2016-04-21 00:00:00+00:00,2016-05-31 00:00:00+00:00
Short,163.7967142871,162.8214113241,1.0059900166388966,10292.287817456934,2016-05-31 00:00:00+00:00,2016-06-02 00:00:00+00:00
Long,162.2253928467,164.2301822707,1.0123580494324615,16118.569231384812,2016-06-03 00:00:00+00:00,2016-06-08 00:00:00+00:00
Short,164.2301822707,162.7672278262,1.0089880159786349,10384.795064816946,2016-06-08 00:00:00+00:00,2016-06-10 00:00:00+00:00
Long,162.7672278262,167.2644581556,1.0276298268973534,16563.92250908098,2016-06-10 00:00:00+00:00,2016-06-16 00:00:00+00:00
Short,167.2644581556,162.7880594713,1.0274983232728394,10670.35951663147,2016-06-16 00:00:00+00:00,2016-06-24 00:00:00+00:00
Long,162.7880594713,173.2693832199,1.064386317907106,17630.41248953934,2016-06-24 00:00:00+00:00,2016-07-06 00:00:00+00:00
Short,173.2693832199,177.9095525878,0.9739183798710863,10392.05925307975,2016-07-06 00:00:00+00:00,2016-07-21 00:00:00+00:00
Long,177.9095525878,171.5770861563,0.9644062595887039,17002.880164042603,2016-07-21 00:00:00+00:00,2016-08-18 00:00:00+00:00
Short,171.5770861563,170.5944620549,1.0057599999997877,10451.917514375282,2016-08-18 00:00:00+00:00,2016-08-19 00:00:00+00:00
Long,170.4852815992,171.2495447892,1.0044828690361478,17079.10184905532,2016-08-23 00:00:00+00:00,2016-08-30 00:00:00+00:00
Short,171.2495447892,170.539871827,1.004161331626424,10495.411409284627,2016-08-30 00:00:00+00:00,2016-08-31 00:00:00+00:00
Long,170.539871827,161.8460982085,0.949022046719261,16208.444192917197,2016-08-31 00:00:00+00:00,2016-11-08 00:00:00+00:00
Short,161.8460982085,170.8130982112,0.9475040257649746,9944.44456235683,2016-11-08 00:00:00+00:00,2016-11-29 00:00:00+00:00
Long,170.8130982112,174.8289939179,1.0235104669885127,16589.51228504993,2016-11-29 00:00:00+00:00,2016-12-09 00:00:00+00:00
Short,174.8289939179,173.2886503592,1.0088888888886092,10032.839625130553,2016-12-09 00:00:00+00:00,2016-12-14 00:00:00+00:00
Long,173.2886503592,177.4145706058,1.023809523809249,16984.500672784656,2016-12-14 00:00:00+00:00,2016-12-20 00:00:00+00:00
Short,177.4145706058,175.7042111254,1.0097343112577952,10130.502408841116,2016-12-20 00:00:00+00:00,2016-12-28 00:00:00+00:00
Long,175.7042111254,166.5032965996,0.9476340694006854,16095.091489289602,2016-12-28 00:00:00+00:00,2017-02-13 00:00:00+00:00
Short,166.5032965996,168.1106852818,0.9904385097264604,10033.639708592911,2017-02-13 00:00:00+00:00,2017-02-22 00:00:00+00:00
Long,167.7226949102,167.7226949102,1.0,16095.091489289602,2017-02-23 00:00:00+00:00,2017-04-04 00:00:00+00:00
Short,167.7226949102,166.3259369579,1.0083977158213968,10117.899363519957,2017-04-04 00:00:00+00:00,2017-04-12 00:00:00+00:00
Long,166.3259369579,169.1194528625,1.0167954316427934,16365.41549818247,2017-04-12 00:00:00+00:00,2017-04-20 00:00:00+00:00
Short,169.1194528625,165.0967899599,1.0243654822336463,10364.426860703623,2017-04-20 00:00:00+00:00,2017-04-21 00:00:00+00:00
Long,165.0967899599,156.3251500196,0.9468697123521872,15495.916265288062,2017-04-21 00:00:00+00:00,2017-06-05 00:00:00+00:00
Short,156.3251500196,154.6490404768,1.010838150289406,10476.758076683485,2017-06-05 00:00:00+00:00,2017-06-07 00:00:00+00:00
Long,154.6490404768,161.6887005564,1.045520231214471,16201.293956564055,2017-06-07 00:00:00+00:00,2017-06-12 00:00:00+00:00
Short,161.6887005564,158.4665623981,1.0203332369273295,10689.784480887003,2017-06-12 00:00:00+00:00,2017-06-20 00:00:00+00:00
Long,158.4665623981,151.7628578387,0.9576964095267054,15515.921051888108,2017-06-20 00:00:00+00:00,2017-07-19 00:00:00+00:00
Short,151.7628578387,150.3545165448,1.0093668040459587,10789.913597413002,2017-07-19 00:00:00+00:00,2017-07-20 00:00:00+00:00
Long,150.3545165448,141.6228005221,0.9419258149115974,14614.846580903717,2017-07-20 00:00:00+00:00,2017-09-01 00:00:00+00:00
Short,141.6228005221,135.3134315251,1.0466278101581485,11293.023640256,2017-09-01 00:00:00+00:00,2017-09-07 00:00:00+00:00
Long,135.3134315251,139.1740640173,1.0285310367839122,15031.823306294715,2017-09-07 00:00:00+00:00,2017-09-18 00:00:00+00:00
Short,139.1740640173,138.661976292,1.00369306524394,11334.729513360822,2017-09-18 00:00:00+00:00,2017-09-27 00:00:00+00:00
Long,138.661976292,135.58944994,0.9778416085349185,14698.7422810399,2017-09-27 00:00:00+00:00,2017-10-20 00:00:00+00:00
Short,135.58944994,126.9977558817,1.0676523297490648,12101.550372015165,2017-10-20 00:00:00+00:00,2017-10-23 00:00:00+00:00
Long,126.9977558817,103.008076522,0.8111015490537746,11922.172633293676,2017-10-23 00:00:00+00:00,2018-01-02 00:00:00+00:00
Short,103.008076522,104.3257549202,0.9873695771556323,11948.702673744197,2018-01-02 00:00:00+00:00,2018-01-16 00:00:00+00:00
Long,104.3257549202,86.3006403477,0.8272227736450349,9862.292713588125,2018-01-16 00:00:00+00:00,2018-03-09 00:00:00+00:00
Short,86.3006403477,83.3546345527,1.0353430353430129,12371.00609464549,2018-03-09 00:00:00+00:00,2018-03-13 00:00:00+00:00
Long,83.3546345527,79.6576861041,0.9556479556483131,9424.879869745746,2018-03-13 00:00:00+00:00,2018-04-17 00:00:00+00:00
Short,79.6576861041,81.1595714113,0.9814946619223903,12142.076444503906,2018-04-17 00:00:00+00:00,2018-04-25 00:00:00+00:00
Long,81.1595714113,84.4521661234,1.0405693950182882,9807.241544181374,2018-04-25 00:00:00+00:00,2018-05-09 00:00:00+00:00
Short,84.4521661234,81.9105140649,1.031029619182785,12518.840452665127,2018-05-09 00:00:00+00:00,2018-05-23 00:00:00+00:00
Long,81.9105140649,81.3672641684,0.9933677635563419,9742.197599400297,2018-05-23 00:00:00+00:00,2018-06-27 00:00:00+00:00
Long,77.9283898231,81.3089781625,1.0433807030669315,10164.820980679255,2018-07-02 00:00:00+00:00,2018-07-09 00:00:00+00:00
Short,81.3089781625,80.9592621274,1.0043196544275523,12572.917517254302,2018-07-09 00:00:00+00:00,2018-07-13 00:00:00+00:00
Long,79.7935420104,79.4438259753,0.9956172388605782,10120.270998295953,2018-07-17 00:00:00+00:00,2018-07-31 00:00:00+00:00
Short,79.4438259753,77.1706717471,1.0294561933534734,12943.267806659816,2018-07-31 00:00:00+00:00,2018-08-01 00:00:00+00:00
Long,76.5878116886,73.6152253902,0.9611872146120808,9727.47509197151,2018-08-03 00:00:00+00:00,2018-08-21 00:00:00+00:00
Short,73.6152253902,73.8483694136,0.9968429360695259,12902.405082724945,2018-08-21 00:00:00+00:00,2018-09-04 00:00:00+00:00
Long,73.8483694136,75.6651644414,1.0246016945563785,9966.787462988972,2018-09-04 00:00:00+00:00,2018-09-19 00:00:00+00:00
Short,75.6651644414,73.3116601042,1.0321027287317581,13316.607493082922,2018-09-19 00:00:00+00:00,2018-09-20 00:00:00+00:00
Long,73.3116601042,73.429335321,1.0016051364357694,9982.785516693386,2018-09-20 00:00:00+00:00,2018-10-03 00:00:00+00:00
Short,73.429335321,74.8414379233,0.981132075472051,13065.350747935112,2018-10-03 00:00:00+00:00,2018-10-11 00:00:00+00:00
Long,74.8414379233,45.128445666,0.6029874213834471,6019.494096934967,2018-10-11 00:00:00+00:00,2018-12-19 00:00:00+00:00
Long,42.1238102496,47.4261080433,1.1258741258751717,6777.192654597412,2018-12-21 00:00:00+00:00,2019-01-02 00:00:00+00:00
Short,47.4850224632,51.4322885985,0.9232531500568862,12062.626234629186,2019-01-03 00:00:00+00:00,2019-01-15 00:00:00+00:00
Long,51.019887659,59.8570506484,1.1732101616621475,7951.071289915749,2019-01-22 00:00:00+00:00,2019-01-31 00:00:00+00:00
Short,60.1516227481,59.2679064491,1.0149105367802884,12242.486466767496,2019-02-04 00:00:00+00:00,2019-02-07 00:00:00+00:00
Long,57.7950459509,63.7454023638,1.1029561671765975,8769.68311487336,2019-02-08 00:00:00+00:00,2019-02-25 00:00:00+00:00
Long,60.5635699968,59.6459711408,0.9848489965824591,8636.813616029163,2019-03-05 00:00:00+00:00,2019-04-29 00:00:00+00:00
Short,59.6459711408,61.9754129737,0.962413452026717,11782.333661872071,2019-04-29 00:00:00+00:00,2019-05-07 00:00:00+00:00
Long,61.9754129737,61.3011008641,0.9891196834801866,8542.842350164132,2019-05-07 00:00:00+00:00,2019-06-04 00:00:00+00:00
Short,61.6076063685,61.6076063685,1.0,11782.333661872071,2019-06-10 00:00:00+00:00,2019-06-17 00:00:00+00:00
Long,61.6076063685,65.2251302855,1.058718787017339,9044.467690646123,2019-06-17 00:00:00+00:00,2019-07-01 00:00:00+00:00
Short,65.2251302855,64.4274570082,1.0123809523818157,11928.210173886373,2019-07-01 00:00:00+00:00,2019-07-05 00:00:00+00:00
Long,64.4274570082,65.3478492512,1.0142857142861135,9173.674371944679,2019-07-05 00:00:00+00:00,2019-07-23 00:00:00+00:00
Short,65.5319276998,63.9979406282,1.02396931927094,12214.12125187513,2019-07-24 00:00:00+00:00,2019-07-25 00:00:00+00:00
Long,61.8503587279,53.9963449212,0.8730158730161552,8008.763340589213,2019-08-01 00:00:00+00:00,2019-09-04 00:00:00+00:00
Short,54.057704404,57.3711164787,0.9422459893049115,11508.706762463227,2019-09-05 00:00:00+00:00,2019-09-23 00:00:00+00:00
Long,55.0983848838,55.5283611315,1.0078037904124921,8071.262051162422,2019-09-24 00:00:00+00:00,2019-10-17 00:00:00+00:00
Short,55.5283611315,53.9927316754,1.0284414106945372,11836.03061805744,2019-10-17 00:00:00+00:00,2019-10-21 00:00:00+00:00
Long,53.9927316754,62.1008552034,1.150170648463304,9283.32870730274,2019-10-21 00:00:00+00:00,2019-10-30 00:00:00+00:00
Short,61.3023278863,69.9632780185,0.8762071992980398,10370.815238653957,2019-10-31 00:00:00+00:00,2019-11-20 00:00:00+00:00
Long,69.7175773055,70.2704039097,1.0079295154187233,9356.941005424374,2019-11-26 00:00:00+00:00,2019-12-12 00:00:00+00:00
Short,70.2704039097,68.6119240972,1.024171888987554,10621.497433313134,2019-12-12 00:00:00+00:00,2019-12-16 00:00:00+00:00
Long,68.1819478495,73.3466748491,1.0757491852682215,10065.721663188084,2019-12-17 00:00:00+00:00,2020-01-02 00:00:00+00:00
Short,73.5925983188,71.7481722958,1.025706940873642,10894.543639820853,2020-01-03 00:00:00+00:00,2020-01-10 00:00:00+00:00
Long,71.7481722958,79.55624246,1.1088260497007403,11161.134389180008,2020-01-10 00:00:00+00:00,2020-01-29 00:00:00+00:00
Short,80.9088215435,78.8799529182,1.025720966484399,11174.761831643507,2020-02-12 00:00:00+00:00,2020-02-14 00:00:00+00:00
Long,78.8799529182,49.9755733613,0.6335649491718841,7071.3035419814,2020-02-14 00:00:00+00:00,2020-03-26 00:00:00+00:00
Long,42.4669281026,41.8514653764,0.985507246375037,6968.820881940134,2020-04-02 00:00:00+00:00,2020-05-26 00:00:00+00:00
Long,46.836713458,44.0118535197,0.9396870589386433,6548.510798820527,2020-06-10 00:00:00+00:00,2020-07-15 00:00:00+00:00
Long,42.3475397311,41.1147147026,0.9708879184876326,6357.870018660646,2020-07-20 00:00:00+00:00,2020-08-10 00:00:00+00:00
Short,41.4845622112,40.6832259426,1.0196969696977967,11394.870776821484,2020-08-11 00:00:00+00:00,2020-08-13 00:00:00+00:00
Long,39.881889674,41.607844714,1.0432766615149933,6633.017407414547,2020-08-17 00:00:00+00:00,2020-09-16 00:00:00+00:00
Long,39.1421946569,39.4532257177,1.0079461834862948,6685.7245808016505,2020-09-21 00:00:00+00:00,2020-10-02 00:00:00+00:00
Short,39.4532257177,38.0948986977,1.0356564019444947,11801.170869345407,2020-10-02 00:00:00+00:00,2020-10-06 00:00:00+00:00
Long,38.0948986977,41.0585212868,1.0777957860609544,7205.845779952159,2020-10-06 00:00:00+00:00,2020-10-08 00:00:00+00:00
Short,42.1698797577,45.5656973078,0.9254742547412153,10921.67981538118,2020-10-12 00:00:00+00:00,2020-10-26 00:00:00+00:00
Long,43.8369174641,48.4675777596,1.105633802816821,7967.026672200048,2020-10-27 00:00:00+00:00,2020-11-03 00:00:00+00:00
Short,48.4675777596,62.8534957443,0.7711198428290345,8421.924022665773,2020-11-04 00:00:00+00:00,2020-11-30 00:00:00+00:00
Short,65.4466655098,66.8667346671,0.9787626962140457,8243.065063734193,2020-12-03 00:00:00+00:00,2020-12-14 00:00:00+00:00
Long,66.8667346671,70.2039514467,1.0499084753609478,8364.648826569557,2020-12-14 00:00:00+00:00,2021-01-06 00:00:00+00:00
Short,70.760144724,70.0185536876,1.0105913503970496,8330.37025416988,2021-01-11 00:00:00+00:00,2021-01-15 00:00:00+00:00
Long,70.0185536876,71.7489327725,1.0247131509259728,8571.365655463333,2021-01-15 00:00:00+00:00,2021-02-08 00:00:00+00:00
Short,71.7489327725,70.4511484588,1.0184210526313697,8483.824443060741,2021-02-08 00:00:00+00:00,2021-02-10 00:00:00+00:00
Short,73.9737058817,71.8725312786,1.0292347377464028,8731.846825740144,2021-02-16 00:00:00+00:00,2021-02-18 00:00:00+00:00
Short,77.8052595699,77.4962633047,1.0039872408297301,8766.662801922685,2021-02-23 00:00:00+00:00,2021-02-26 00:00:00+00:00
Short,83.8615863672,81.9442191012,1.023398444539841,8971.78907529296,2021-03-04 00:00:00+00:00,2021-03-10 00:00:00+00:00
Long,81.9442191012,84.1087833793,1.0264150943390744,8797.779087867098,2021-03-10 00:00:00+00:00,2021-04-09 00:00:00+00:00
Short,84.1087833793,83.1192682808,1.011904761903788,9078.596088085329,2021-04-09 00:00:00+00:00,2021-04-13 00:00:00+00:00
Long,82.8100448124,88.7471354039,1.0716952949965195,9428.53845488594,2021-04-16 00:00:00+00:00,2021-05-27 00:00:00+00:00
Long,86.0259688828,82.2540534973,0.9561537587488405,9015.132483147176,2021-06-07 00:00:00+00:00,2021-07-29 00:00:00+00:00
Short,82.2540534973,80.1497361016,1.0262548262546056,9316.953051013752,2021-07-29 00:00:00+00:00,2021-07-30 00:00:00+00:00
Long,77.8287977975,82.4087827176,1.0588469184891756,9545.645249552057,2021-08-02 00:00:00+00:00,2021-08-12 00:00:00+00:00
Short,82.4087827176,81.1709489554,1.015249714068024,9459.033921026914,2021-08-12 00:00:00+00:00,2021-08-13 00:00:00+00:00
Long,79.9563245763,81.0007468131,1.0130624092882525,9670.33437472217,2021-08-16 00:00:00+00:00,2021-08-25 00:00:00+00:00
Short,81.0007468131,80.1961548677,1.0100327995366776,9553.93451216721,2021-08-25 00:00:00+00:00,2021-09-01 00:00:00+00:00
Long,80.1961548677,81.5664326686,1.0170865773198299,9835.567290724468,2021-09-01 00:00:00+00:00,2021-09-27 00:00:00+00:00
Short,81.5664326686,79.7701903925,1.0225177132869032,9769.067270274041,2021-09-27 00:00:00+00:00,2021-09-30 00:00:00+00:00
Long,79.7701903925,82.0696902029,1.0288265553721958,10119.092815847494,2021-09-30 00:00:00+00:00,2021-10-20 00:00:00+00:00
Short,82.0696902029,79.8630994757,1.027629665536227,10038.983331552614,2021-10-20 00:00:00+00:00,2021-10-21 00:00:00+00:00
Long,79.8630994757,83.1845992019,1.041589917596557,10539.945052210503,2021-10-21 00:00:00+00:00,2021-10-26 00:00:00+00:00
Short,83.1845992019,80.405069128,1.0345690900343008,10386.021850193902,2021-10-26 00:00:00+00:00,2021-10-27 00:00:00+00:00
Long,80.405069128,86.1654322894,1.071641791044665,11295.04559326322,2021-10-27 00:00:00+00:00,2021-11-09 00:00:00+00:00
Short,86.1654322894,82.8439325633,1.0400934579434902,10802.433380444822,2021-11-09 00:00:00+00:00,2021-11-11 00:00:00+00:00
Long,82.8439325633,73.8508984553,0.8914460742055124,10068.92405208677,2021-11-11 00:00:00+00:00,2021-12-28 00:00:00+00:00
Short,73.8508984553,77.9735299325,0.9471278075935657,10231.285044296255,2021-12-28 00:00:00+00:00,2022-01-19 00:00:00+00:00
Long,77.9735299325,75.9044648866,0.9734645199763157,9801.740319042627,2022-01-19 00:00:00+00:00,2022-02-01 00:00:00+00:00
Short,75.9742086522,76.5554066988,0.9924081384756186,10153.610545023485,2022-02-02 00:00:00+00:00,2022-02-10 00:00:00+00:00
Long,75.0365424704,78.5857252083,1.0472993906842132,10265.356663778228,2022-02-11 00:00:00+00:00,2022-02-16 00:00:00+00:00
Short,78.5857252083,76.2996795583,1.0299614056472315,10457.82698934694,2022-02-16 00:00:00+00:00,2022-02-17 00:00:00+00:00
Long,71.8283292531,73.4547017327,1.0226424935190848,10497.78993550892,2022-02-18 00:00:00+00:00,2022-03-16 00:00:00+00:00
Short,73.4547017327,72.6790449034,1.0106723585915438,10569.436669065575,2022-03-16 00:00:00+00:00,2022-03-23 00:00:00+00:00
Long,72.6790449034,71.2828626107,0.9807897545357714,10296.124814015884,2022-03-23 00:00:00+00:00,2022-04-19 00:00:00+00:00
Short,71.2828626107,69.0877537839,1.0317727629945257,10905.256875337445,2022-04-19 00:00:00+00:00,2022-04-22 00:00:00+00:00
